GAME_NAME,SHARED_FRIENDS
Counter-Strike: Global Offensive,3
American Truck Simulator,3
Phasmophobia,3
EA SPORTS™ FIFA 23,3
Pacify,3
Brawlhalla,3
Left 4 Dead 2,3
Hero Siege,3
Among Us,3
Aimlabs,3
RISK: Global Domination,3
Keep Talking and Nobody Explodes,3
Human: Fall Flat,3
Borderlands 2,2
SMITE - Public Test,2
Age of Mythology: Extended Edition,2
Pro Soccer Online,2
Grand Theft Auto: San Andreas,2
Fall Guys,2
SMITE,2
Lost Ark,2
Grand Theft Auto V,2
Divinity: Original Sin 2,2
Grand Theft Auto: Vice City,2
The Forest,2
Age of Empires II: Definitive Edition,2
Sleeping Dogs: Definitive Edition,1
Valheim,1
Football Manager 2022,1
Football Manager 2017,1
South Park™: The Stick of Truth™,1
STAR WARS Jedi: Fallen Order™ ,1
Destiny 2,1
Sid Meier's Civilization VI,1
SimCity 4 Deluxe,1
Need for Speed™ Heat ,1
Marvel's Avengers - The Definitive Edition,1
Grand Theft Auto IV: The Complete Edition,1
Wallpaper Engine,1
South Park The Fractured But Whole,1
Sons Of The Forest,1
Raft,1
PUBG: BATTLEGROUNDS,1
Pummel Party,1
PC Building Simulator,1
Garry's Mod,1
eFootball™ 2023,1
Golf With Your Friends,1
We Were Here Together,1
Tabletop Simulator,1
Call of Duty®: Modern Warfare® II | Warzone™,1
STAR WARS™ Knights of the Old Republic™,1
Cube Escape: Paradox,1
Hogwarts Legacy,1
Just Act Natural,1
Hollow Knight,1
Life is Strange™,1
Batman: Arkham Asylum GOTY Edition,1
Ben and Ed - Blood Party,1
STAR WARS™ Knights of the Old Republic™ II: The Sith Lords™,1
"Star Wars: Battlefront 2 (Classic, 2005)",1
Project CARS,1
Ben and Ed,1
Deceit,1
Worms W.M.D,1
Cry of Fear,1
Sea of Thieves,1
Gang Beasts,1
ARK: Survival Evolved,1
Move or Die,1
Broforce,1
EVE Online,1
Euro Truck Simulator 2,1
Clustertruck,1
Escape Room - The Sick Colleague,1
ARK: Survival Of The Fittest,1
Batman: Arkham City GOTY,1
It Takes Two,1
RuneScape,1
Shadow of the Tomb Raider,1
MultiVersus,1
Demonologist,1
STAR WARS™: The Old Republic™,1
Tom Clancy's Rainbow Six Siege - Test Server,1
Outlast 2,1
Slapshot: Rebound,1
Tom Clancy's Rainbow Six Siege,1
Apex Legends,1
DEVOUR,1
Tales of Escape,1
Football Manager Touch 2017,1
